{"path":".","children":[{"path":"./4ch","name":"4ch","children":[{"path":"./4ch/4ch-cache.lib","name":"4ch-cache.lib"},{"path":"./4ch/4ch.kicad_pcb","name":"4ch.kicad_pcb"},{"path":"./4ch/4ch.sch","name":"4ch.sch"},{"path":"./4ch/8ch_v5.sch","name":"8ch_v5.sch"},{"path":"./4ch/channel.sch","name":"channel.sch"},{"path":"./4ch/i2c.sch","name":"i2c.sch"},{"path":"./4ch/power2.sch","name":"power2.sch"},{"path":"./4ch/relay_test.sch","name":"relay_test.sch"}]},{"path":"./4ch_switch","name":"4ch_switch","children":[{"path":"./4ch_switch/4ch_switch-cache.lib","name":"4ch_switch-cache.lib"},{"path":"./4ch_switch/4ch_switch.kicad_pcb","name":"4ch_switch.kicad_pcb"},{"path":"./4ch_switch/4ch_switch.sch","name":"4ch_switch.sch"}]},{"path":"./4ch_swith_inline","name":"4ch_swith_inline","children":[{"path":"./4ch_swith_inline/4ch_switch_inline-cache.lib","name":"4ch_switch_inline-cache.lib"},{"path":"./4ch_swith_inline/4ch_switch_inline.kicad_pcb","name":"4ch_switch_inline.kicad_pcb"},{"path":"./4ch_swith_inline/4ch_switch_inline.sch","name":"4ch_switch_inline.sch"}]},{"path":"./4ch_v2","name":"4ch_v2","children":[{"path":"./4ch_v2/4ch_v2.kicad_pcb","name":"4ch_v2.kicad_pcb"},{"path":"./4ch_v2/4ch_v2.sch","name":"4ch_v2.sch"},{"path":"./4ch_v2/8ch_v5.sch","name":"8ch_v5.sch"},{"path":"./4ch_v2/channel.sch","name":"channel.sch"},{"path":"./4ch_v2/i2c.sch","name":"i2c.sch"},{"path":"./4ch_v2/power2.sch","name":"power2.sch"},{"path":"./4ch_v2/relay_test.sch","name":"relay_test.sch"}]},{"path":"./8ch_currentsource_jlc_v4","name":"8ch_currentsource_jlc_v4","children":[{"path":"./8ch_currentsource_jlc_v4/8ch_v4-cache.lib","name":"8ch_v4-cache.lib"},{"path":"./8ch_currentsource_jlc_v4/8ch_v4.kicad_pcb","name":"8ch_v4.kicad_pcb"},{"path":"./8ch_currentsource_jlc_v4/8ch_v4.sch","name":"8ch_v4.sch"},{"path":"./8ch_currentsource_jlc_v4/8ch_v4_new_sma.kicad_pcb","name":"8ch_v4_new_sma.kicad_pcb"},{"path":"./8ch_currentsource_jlc_v4/channel.sch","name":"channel.sch"},{"path":"./8ch_currentsource_jlc_v4/dac_AD5675-cache.lib","name":"dac_AD5675-cache.lib"},{"path":"./8ch_currentsource_jlc_v4/dac_AD5675.sch","name":"dac_AD5675.sch"},{"path":"./8ch_currentsource_jlc_v4/dac_proto","name":"dac_proto","children":[{"path":"./8ch_currentsource_jlc_v4/dac_proto/channel.sch","name":"channel.sch"},{"path":"./8ch_currentsource_jlc_v4/dac_proto/channel_v2.sch","name":"channel_v2.sch"},{"path":"./8ch_currentsource_jlc_v4/dac_proto/dac_proto-cache.lib","name":"dac_proto-cache.lib"},{"path":"./8ch_currentsource_jlc_v4/dac_proto/dac_proto.kicad_pcb","name":"dac_proto.kicad_pcb"},{"path":"./8ch_currentsource_jlc_v4/dac_proto/dac_proto.sch","name":"dac_proto.sch"},{"path":"./8ch_currentsource_jlc_v4/dac_proto/temp.sch","name":"temp.sch"}]},{"path":"./8ch_currentsource_jlc_v4/power2.sch","name":"power2.sch"}]},{"path":"./8ch_v5","name":"8ch_v5","children":[{"path":"./8ch_v5/8ch_v5-cache.lib","name":"8ch_v5-cache.lib"},{"path":"./8ch_v5/8ch_v5.kicad_pcb","name":"8ch_v5.kicad_pcb"},{"path":"./8ch_v5/8ch_v5.sch","name":"8ch_v5.sch"},{"path":"./8ch_v5/8ch_v5_stdsma.kicad_pcb","name":"8ch_v5_stdsma.kicad_pcb"},{"path":"./8ch_v5/channel.sch","name":"channel.sch"},{"path":"./8ch_v5/dac_AD5675-cache.lib","name":"dac_AD5675-cache.lib"},{"path":"./8ch_v5/dac_AD5675.sch","name":"dac_AD5675.sch"},{"path":"./8ch_v5/dac_proto","name":"dac_proto","children":[{"path":"./8ch_v5/dac_proto/channel.sch","name":"channel.sch"},{"path":"./8ch_v5/dac_proto/channel_v2.sch","name":"channel_v2.sch"},{"path":"./8ch_v5/dac_proto/dac_proto-cache.lib","name":"dac_proto-cache.lib"},{"path":"./8ch_v5/dac_proto/dac_proto.kicad_pcb","name":"dac_proto.kicad_pcb"},{"path":"./8ch_v5/dac_proto/dac_proto.sch","name":"dac_proto.sch"},{"path":"./8ch_v5/dac_proto/temp.sch","name":"temp.sch"}]},{"path":"./8ch_v5/power2.sch","name":"power2.sch"},{"path":"./8ch_v5/relay_test.sch","name":"relay_test.sch"}]},{"path":"./8ch_v5_nosma","name":"8ch_v5_nosma","children":[{"path":"./8ch_v5_nosma/8ch_v5_nosma-cache.lib","name":"8ch_v5_nosma-cache.lib"},{"path":"./8ch_v5_nosma/8ch_v5_nosma.kicad_pcb","name":"8ch_v5_nosma.kicad_pcb"},{"path":"./8ch_v5_nosma/8ch_v5_nosma.sch","name":"8ch_v5_nosma.sch"},{"path":"./8ch_v5_nosma/8ch_v5_nosma_stdsma.kicad_pcb","name":"8ch_v5_nosma_stdsma.kicad_pcb"},{"path":"./8ch_v5_nosma/channel.sch","name":"channel.sch"},{"path":"./8ch_v5_nosma/dac_AD5675-cache.lib","name":"dac_AD5675-cache.lib"},{"path":"./8ch_v5_nosma/dac_AD5675.sch","name":"dac_AD5675.sch"},{"path":"./8ch_v5_nosma/dac_proto","name":"dac_proto","children":[{"path":"./8ch_v5_nosma/dac_proto/channel.sch","name":"channel.sch"},{"path":"./8ch_v5_nosma/dac_proto/channel_v2.sch","name":"channel_v2.sch"},{"path":"./8ch_v5_nosma/dac_proto/dac_proto-cache.lib","name":"dac_proto-cache.lib"},{"path":"./8ch_v5_nosma/dac_proto/dac_proto.kicad_pcb","name":"dac_proto.kicad_pcb"},{"path":"./8ch_v5_nosma/dac_proto/dac_proto.sch","name":"dac_proto.sch"},{"path":"./8ch_v5_nosma/dac_proto/temp.sch","name":"temp.sch"}]},{"path":"./8ch_v5_nosma/power2.sch","name":"power2.sch"},{"path":"./8ch_v5_nosma/power_supply","name":"power_supply","children":[{"path":"./8ch_v5_nosma/power_supply/power_cui-cache.lib","name":"power_cui-cache.lib"},{"path":"./8ch_v5_nosma/power_supply/power_cui.kicad_pcb","name":"power_cui.kicad_pcb"},{"path":"./8ch_v5_nosma/power_supply/power_cui.sch","name":"power_cui.sch"}]},{"path":"./8ch_v5_nosma/relay_test.sch","name":"relay_test.sch"},{"path":"./8ch_v5_nosma/supercap","name":"supercap","children":[{"path":"./8ch_v5_nosma/supercap/supercap-cache.lib","name":"supercap-cache.lib"},{"path":"./8ch_v5_nosma/supercap/supercap.kicad_pcb","name":"supercap.kicad_pcb"},{"path":"./8ch_v5_nosma/supercap/supercap.sch","name":"supercap.sch"}]},{"path":"./8ch_v5_nosma/switch_board","name":"switch_board","children":[{"path":"./8ch_v5_nosma/switch_board/i2c.sch","name":"i2c.sch"},{"path":"./8ch_v5_nosma/switch_board/relay.sch","name":"relay.sch"},{"path":"./8ch_v5_nosma/switch_board/switch_board-cache.lib","name":"switch_board-cache.lib"},{"path":"./8ch_v5_nosma/switch_board/switch_board.kicad_pcb","name":"switch_board.kicad_pcb"},{"path":"./8ch_v5_nosma/switch_board/switch_board.sch","name":"switch_board.sch"}]}]},{"path":"./back_panel","name":"back_panel","children":[{"path":"./back_panel/back_panel-cache.lib","name":"back_panel-cache.lib"},{"path":"./back_panel/back_panel.kicad_pcb","name":"back_panel.kicad_pcb"},{"path":"./back_panel/back_panel.sch","name":"back_panel.sch"}]},{"path":"./back_v2","name":"back_v2","children":[{"path":"./back_v2/back_v2-cache.lib","name":"back_v2-cache.lib"},{"path":"./back_v2/back_v2.kicad_pcb","name":"back_v2.kicad_pcb"},{"path":"./back_v2/back_v2.sch","name":"back_v2.sch"}]},{"path":"./back_v3","name":"back_v3","children":[{"path":"./back_v3/back_v3-cache.lib","name":"back_v3-cache.lib"},{"path":"./back_v3/back_v3.kicad_pcb","name":"back_v3.kicad_pcb"},{"path":"./back_v3/back_v3.sch","name":"back_v3.sch"}]},{"path":"./back_v4","name":"back_v4","children":[{"path":"./back_v4/back_v4-cache.lib","name":"back_v4-cache.lib"},{"path":"./back_v4/back_v4.kicad_pcb","name":"back_v4.kicad_pcb"},{"path":"./back_v4/back_v4.sch","name":"back_v4.sch"}]},{"path":"./front_panel","name":"front_panel","children":[{"path":"./front_panel/back_panel.kicad_pcb","name":"back_panel.kicad_pcb"},{"path":"./front_panel/front_panel-cache.lib","name":"front_panel-cache.lib"},{"path":"./front_panel/front_panel.kicad_pcb","name":"front_panel.kicad_pcb"},{"path":"./front_panel/front_panel.sch","name":"front_panel.sch"}]},{"path":"./i2c_terminator","name":"i2c_terminator","children":[{"path":"./i2c_terminator/i2c_terminator-cache.lib","name":"i2c_terminator-cache.lib"},{"path":"./i2c_terminator/i2c_terminator.kicad_pcb","name":"i2c_terminator.kicad_pcb"},{"path":"./i2c_terminator/i2c_terminator.sch","name":"i2c_terminator.sch"}]},{"path":"./pmos_board","name":"pmos_board","children":[{"path":"./pmos_board/coax_ch.sch","name":"coax_ch.sch"},{"path":"./pmos_board/pmos_board-cache.lib","name":"pmos_board-cache.lib"},{"path":"./pmos_board/pmos_board-rescue.lib","name":"pmos_board-rescue.lib"},{"path":"./pmos_board/pmos_board.kicad_pcb","name":"pmos_board.kicad_pcb"},{"path":"./pmos_board/pmos_board.sch","name":"pmos_board.sch"},{"path":"./pmos_board/temp.sch","name":"temp.sch"}]},{"path":"./power_relay","name":"power_relay","children":[{"path":"./power_relay/power_relay-cache.lib","name":"power_relay-cache.lib"},{"path":"./power_relay/power_relay.kicad_pcb","name":"power_relay.kicad_pcb"},{"path":"./power_relay/power_relay.sch","name":"power_relay.sch"}]},{"path":"./relay_board","name":"relay_board","children":[{"path":"./relay_board/coax_ch.sch","name":"coax_ch.sch"},{"path":"./relay_board/relay_board-cache.lib","name":"relay_board-cache.lib"},{"path":"./relay_board/relay_board-rescue.lib","name":"relay_board-rescue.lib"},{"path":"./relay_board/relay_board.kicad_pcb","name":"relay_board.kicad_pcb"},{"path":"./relay_board/relay_board.sch","name":"relay_board.sch"}]},{"path":"./relay_only","name":"relay_only","children":[{"path":"./relay_only/coax_ch.sch","name":"coax_ch.sch"},{"path":"./relay_only/relay_only-cache.lib","name":"relay_only-cache.lib"},{"path":"./relay_only/relay_only.kicad_pcb","name":"relay_only.kicad_pcb"},{"path":"./relay_only/relay_only.sch","name":"relay_only.sch"}]},{"path":"./relay_test","name":"relay_test","children":[{"path":"./relay_test/relay_test-cache.lib","name":"relay_test-cache.lib"},{"path":"./relay_test/relay_test.kicad_pcb","name":"relay_test.kicad_pcb"},{"path":"./relay_test/relay_test.sch","name":"relay_test.sch"},{"path":"./relay_test/relay_test_v2-cache.lib","name":"relay_test_v2-cache.lib"},{"path":"./relay_test/relay_test_v2.sch","name":"relay_test_v2.sch"}]}]}
